Study #,Question,Answer
Study 1,Adjustable Sleep Systems,Looking for adjustable beds to personalize sleeping position.
Study 1,Adjustable Sleep Systems,Interested in adjustable beds and settings to personalize sleep environment.
Study 1,Adjustable Sleep Systems,Want sleep solutions that allow to adjust firmness and temperature.
Study 1,Adjustable Sleep Systems,Interested in creating sleep routines to improve sleep quality.
Study 1,Ambient Environment Customization,Wanting to create a calming sleep environment with soothing lights and sounds.
Study 1,Ambient Environment Customization,Looking to optimize room temperature and noise levels for better sleep.
Study 1,Ambient Environment Customization,Want sleep environment to look beautiful and soothing.
Study 1,Ambient Environment Customization,Interested in using technology to customize sleep environment.
Study 1,Breathing and Respiratory Comfort,Interested in products that help breathe more easily while sleeping.
Study 1,Breathing and Respiratory Comfort,Searching for a mattress and pillow that support body comfortably.
Study 1,Breathing and Respiratory Comfort,Prefer soft and cozy sheets and blankets for a better sleep experience.
Study 1,Breathing and Respiratory Comfort,Looking for ways to improve breathing during sleep for better rest.
Study 1,Creating a Relaxing Sleep Atmosphere,Interested in using lavender and other scents to relax before sleep.
Study 1,Creating a Relaxing Sleep Atmosphere,Want bedroom to be calm and relaxing to help sleep better.
Study 1,Creating a Relaxing Sleep Atmosphere,Interested in using aromatherapy and soothing sounds to relax before sleep.
Study 1,Creating a Relaxing Sleep Atmosphere,Aiming to design a relaxing and visually appealing sleep space.
Study 2,Design and Style Preferences,Looking for sleep products that match personal style.
Study 2,Design and Style Preferences,Trying to increase total sleep hours each night.
Study 2,Design and Style Preferences,Want sleep environment to look stylish and match bedroom decor.
Study 2,Design and Style Preferences,Prefers supportive mattress materials for better sleep comfort.
Study 2,Disease Prevention and Health Maintenance,Seeking better sleep to prevent health problems and boost immunity.
Study 2,Disease Prevention and Health Maintenance,Wanting to prevent health issues before they arise.
Study 2,Disease Prevention and Health Maintenance,Regularly scheduling health check-ups to monitor health.
Study 2,Disease Prevention and Health Maintenance,Looking for easy-to-use and maintain products.
Study 2,Ease of Use and Setup,Looking for sleep devices that are easy to set up and use.
Study 2,Ease of Use and Setup,Want sleep products that are easy to set up and use.
Study 2,Ease of Use and Setup,Looking for products that are easy to use.
Study 2,Ease of Use and Setup,Use sleep masks to block out light and sleep more peacefully.
Study 2,Enhancing Physical Fitness and Energy,Want to sleep better to have more energy during the day.
Study 2,Enhancing Physical Fitness and Energy,Working towards fitness and body image goals.
Study 2,Enhancing Physical Fitness and Energy,Wanting to improve mental clarity and mood through quality sleep.
Study 2,Enhancing Physical Fitness and Energy,Seeking to boost energy and aid recovery with better sleep.
Study 3,Ergonomic Support and Alignment,Looking for support that maintains proper sleep posture and reduces discomfort.
Study 3,Ergonomic Support and Alignment,Wanting to ensure proper spinal alignment during sleep to prevent discomfort.
Study 3,Ergonomic Support and Alignment,Trying to find sleep positions that are more comfortable and reduce aches.
Study 3,Ergonomic Support and Alignment,Prefers ergonomic mattresses that support good posture while sleeping.
Study 3,Health and Safety Concerns,Worried about health risks associated with poor sleep.
Study 3,Health and Safety Concerns,Interested in skincare and hair care routines to improve appearance.
Study 3,Health and Safety Concerns,Concerned about long-term health risks associated with poor sleep.
Study 3,Health and Safety Concerns,Looking for solutions to address sleep apnea or snoring problems.
Study 3,Innovative Sleep Systems and Materials,Interested in sleep products with advanced materials for better comfort.
Study 3,Innovative Sleep Systems and Materials,Looking for a mattress with adjustable firmness and temperature control.
Study 3,Innovative Sleep Systems and Materials,Prefers the latest high-tech sleep systems for better sleep.
Study 3,Innovative Sleep Systems and Materials,"Looking for mattresses made from innovative, eco-friendly materials."
Study 3,Interest in Zero-Gravity and Advanced Sleep Systems,Interest in sleep systems that simulate zero-gravity to enhance comfort during sleep.
Study 3,Interest in Zero-Gravity and Advanced Sleep Systems,Curious about smart sleep gadgets that track and improve sleep.
Study 3,Interest in Zero-Gravity and Advanced Sleep Systems,Looking for smart systems that automatically adjust sleep environment.
Study 3,Interest in Zero-Gravity and Advanced Sleep Systems,Want to track sleep to understand and improve it.
Study 4,Lifestyle Compatibility,Need a sleep system that fits into busy lifestyle and daily routine.
Study 4,Lifestyle Compatibility,Looking for sleep products that are simple and convenient to use.
Study 4,Lifestyle Compatibility,Want to align sleep routine with lifestyle and personal identity.
Study 4,Lifestyle Compatibility,Want sleep products that fit easily into daily routine.
Study 4,Luxury and Premium Sleep Features,Interested in luxury sleep products that provide premium comfort.
Study 4,Luxury and Premium Sleep Features,Using sleep masks and earplugs to block light and noise.
Study 4,Luxury and Premium Sleep Features,Interested in luxury sleep products that enhance style and comfort.
Study 4,Luxury and Premium Sleep Features,Seeking luxury mattresses and bedding for a better sleep experience.
Study 4,Mental and Emotional Well-being,Seeking to reduce stress and anxiety by improving sleep quality.
Study 4,Mental and Emotional Well-being,Wanting to improve mood and emotional well-being with better sleep.
Study 4,Mental and Emotional Well-being,Want to improve mood and emotional stability.
Study 4,Mental and Emotional Well-being,Looking for ways to improve mood and reduce stress through better sleep.
Study 4,Noise and Light Control,Want to minimize noise and light to sleep better.
Study 4,Noise and Light Control,Looking for ways to reduce noise and light disruptions during sleep.
Study 4,Noise and Light Control,Want to reduce noise distractions during sleep.
Study 4,Noise and Light Control,Looking for ways to control noise and light to create a better sleep environment.
Study 5,Pain Relief and Comfort Optimization,Wanting to reduce aches and pains caused by sleep positions.
Study 5,Pain Relief and Comfort Optimization,Want to reduce pressure points that cause discomfort while sleeping.
Study 5,Pain Relief and Comfort Optimization,Looking for sleep solutions that support bedtime routine.
Study 5,Pain Relief and Comfort Optimization,Looking to alleviate pressure on shoulders and hips during sleep.
Study 5,Personalized Sleep Customization,Looking for customizable sleep solutions to match comfort needs.
Study 5,Personalized Sleep Customization,Interested in customizing sleep conditions like firmness and temperature.
Study 5,Personalized Sleep Customization,Customize bedding and room environment to improve sleep quality.
Study 5,Personalized Sleep Customization,Looking to develop pre-sleep routines that help fall asleep faster.
Study 5,Pressure Distribution Optimization,Reduce pressure points to sleep more comfortably.
Study 5,Pressure Distribution Optimization,Aiming to minimize overall body pressure for better rest.
Study 5,Pressure Distribution Optimization,Looking to adjust bedroom lighting to promote relaxation.
Study 5,Pressure Distribution Optimization,Seeking solutions to relieve pressure points while sleeping.
Study 5,Relief from Sleep Disruptions,Looking for ways to reduce snoring and minimize sleep disruptions.
Study 5,Relief from Sleep Disruptions,Trying to find methods to prevent sleep interruptions.
Study 5,Relief from Sleep Disruptions,Trying to prevent sleep disruptions caused by snoring or discomfort.
Study 5,Relief from Sleep Disruptions,Looking for ways to prevent waking up in the middle of the night.
Study 6,Sleep Comfort Enhancement,Seeking to increase comfort during sleep with supportive bedding.
Study 6,Sleep Comfort Enhancement,Interested in customizing sleep environment for better rest.
Study 6,Sleep Comfort Enhancement,Aiming to improve sleep quality for better daytime functioning.
Study 6,Sleep Comfort Enhancement,Preferring mattresses and pillows that enhance sleep comfort.
Study 6,Sleep Comfort and Pressure Relief,Wanting to reduce pressure points that cause discomfort during sleep.
Study 6,Sleep Comfort and Pressure Relief,Looking for mattresses with memory foam to reduce pressure points and increase comfort.
Study 6,Sleep Comfort and Pressure Relief,Looking for ways to relieve pain and pressure during sleep.
Study 6,Sleep Comfort and Pressure Relief,Want a mattress that distributes pressure evenly to prevent pain.
Study 6,Sleep Disorder Solutions,Seeking solutions to manage sleep disorders like apnea or insomnia.
Study 6,Sleep Disorder Solutions,Curious about the latest sleep technology to improve rest.
Study 6,Sleep Disorder Solutions,Searching for the latest innovative sleep solutions.
Study 6,Sleep Disorder Solutions,Looking for ways to reduce snoring and manage sleep apnea.
Study 6,Sleep Disorder and Disruption Management,Seeking methods to manage sleep apnea and improve sleep quality.
Study 6,Sleep Disorder and Disruption Management,Looking for ways to minimize noise disturbances during sleep.
Study 6,Sleep Disorder and Disruption Management,Want to control light exposure to improve sleep quality.
Study 6,Sleep Disorder and Disruption Management,Looking for ways to reduce noise and sleep more soundly.
Study 7,Sleep Environment Safety and Hygiene,Keeping sleeping area clean helps sleep better.
Study 7,Sleep Environment Safety and Hygiene,Considering sleep as a key part of a healthy lifestyle image.
Study 7,Sleep Environment Safety and Hygiene,Looking to adjust lighting and sound levels for better sleep quality.
Study 7,Sleep Environment Safety and Hygiene,Looking for solutions to block out external noise to sleep better.
Study 7,Sleep Hygiene and Routine Improvement,Want to improve sleep hygiene for better rest.
Study 7,Sleep Hygiene and Routine Improvement,Wanting to optimize sleep environment by reducing noise and light.
Study 7,Sleep Hygiene and Routine Improvement,Trying to adopt relaxing pre-sleep habits to improve sleep quality.
Study 7,Sleep Hygiene and Routine Improvement,Want to analyze sleep data to better understand sleep issues.
Study 7,Sleep Onset and Maintenance Aids,Using sleep aids to fall asleep faster.
Study 7,Sleep Onset and Maintenance Aids,"Looking for simple, easy-to-maintain sleep solutions."
Study 7,Sleep Onset and Maintenance Aids,Looking for ways to prevent sleep disorders like sleep apnea.
Study 7,Sleep Onset and Maintenance Aids,Use white noise machines to drown out background noise and relax.
Study 7,Sleep Quality and Restfulness,Interested in products that help improve the depth of sleep for better rest.
Study 7,Sleep Quality and Restfulness,Wanting to reduce fatigue and sleepiness during the day.
Study 7,Sleep Quality and Restfulness,"Seeking deep, restorative sleep to feel refreshed during the day."
Study 7,Sleep Quality and Restfulness,Wanting to extend sleep duration and reduce awakenings during the night.
Study 8,Sleep Surface Comfort,Prefer soft mattresses for better comfort.
Study 8,Sleep Surface Comfort,Looking for pillows that support proper head and neck alignment.
Study 8,Sleep Surface Comfort,Looking for a mattress that offers both support and comfort for restful sleep.
Study 8,Sleep Surface Comfort,Searching for ergonomic pillows to support proper head and neck alignment.
Study 8,Sleep Surface and Bedding Quality,Looking for better mattresses and bedding to improve sleep comfort.
Study 8,Sleep Surface and Bedding Quality,"Looking for soft, supportive mattresses and bedding for better sleep."
Study 8,Sleep Surface and Bedding Quality,Looking for pillows that keep cool during sleep.
Study 8,Sleep Surface and Bedding Quality,Wanting high-quality mattresses and bedding for better sleep comfort.
Study 8,Sleep and Physical Recovery,Wanting to improve sleep to support physical recovery and muscle repair.
Study 8,Sleep and Physical Recovery,Sleep helps improve mood and mental clarity.
Study 8,Sleep and Physical Recovery,Trying to improve sleep quality to support physical recovery.
Study 8,Sleep and Physical Recovery,Looking for ways to improve sleep to support muscle recovery after workouts.
Study 8,Smart Sleep Devices and Apps,Looking to use smart devices to monitor and improve sleep quality.
Study 8,Smart Sleep Devices and Apps,Want to use smart trackers to monitor sleep quality.
Study 8,Smart Sleep Devices and Apps,Want a sleep environment that adjusts automatically for optimal comfort.
Study 8,Smart Sleep Devices and Apps,Prefer a bed that can adjust to preferred firmness and position.
Study 9,Spinal and Posture Support,Wanting to improve spinal health by maintaining proper sleeping positions.
Study 9,Spinal and Posture Support,Looking to reduce back pain experienced during sleep.
Study 9,Spinal and Posture Support,Want to reduce back pain caused by poor sleep posture.
Study 9,Spinal and Posture Support,Looking to improve sleeping posture to enhance comfort and health.
Study 9,Supportive Sleep Surfaces and Adjustments,Looking for supportive mattresses for better sleep.
Study 9,Supportive Sleep Surfaces and Adjustments,Prefer supportive mattresses that help maintain proper spinal alignment during sleep.
Study 9,Supportive Sleep Surfaces and Adjustments,Looking for adjustable beds to customize sleep comfort.
Study 9,Supportive Sleep Surfaces and Adjustments,Looking for a sleep surface that supports body to prevent aches.
Study 9,Tactile and Material Comfort,Looking for bedding that feels soft and comfortable.
Study 9,Tactile and Material Comfort,Seeking sleep options that can help relieve back or neck pain.
Study 9,Tactile and Material Comfort,Want a more comfortable sleep environment to wake up refreshed.
Study 9,Tactile and Material Comfort,Looking for sleep items made of soft and breathable materials.
Study 9,Temperature Regulation and Climate Control,Interested in bedding that helps regulate temperature for a comfortable sleep.
Study 9,Temperature Regulation and Climate Control,Wanting a room temperature that promotes comfortable sleep.
Study 9,Temperature Regulation and Climate Control,Want to control the temperature of sleeping environment for better comfort.
Study 9,Temperature Regulation and Climate Control,Want to keep sleeping environment at a comfortable temperature.
