Outcome_Statement,Frequency,Percentage
Users want to access natural and effective hair remedies at home,585,23.214285714285715
Ensure that skincare products provide at least 80% improvement in skin brightness and reduction of wrinkles within 4 weeks,374,14.841269841269842
"Reduce the time spent on beauty routines while maintaining a radiant, dewy, natural look.",360,14.285714285714285
Achieve nationwide distribution of the product in Sephora stores.,251,9.96031746031746
Allow children to play with makeup made specifically for them without toxins,134,5.317460317460317
Create a full makeup look that is easy to blend and long-lasting.,109,4.325396825396825
"Be able to reduce under-eye puffiness, dark circles, fine lines, and wrinkles with a specific eye serum.",80,3.1746031746031744
Create a natural citrus vanilla body butter with a pleasant scent and nourishing ingredients,57,2.261904761904762
"Achieve visibly healthier, glowing skin following a skincare treatment involving collagen infusion.",55,2.1825396825396823
Se puede acceder a la información sobre productos de cuidado de la piel y maquillaje sin ingredientes tóxicos en menos de 5 segundos.,52,2.0634920634920633
"Achieve a smooth, bright, and even skin texture using enzyme-activated retinol serum without causing dryness or irritation.",36,1.4285714285714286
Increase the hydration level of lips by 48% with one swipe of the gloss.,34,1.3492063492063493
Identify and switch to safer personal care products that do not contain harmful chemicals like parabens and phthalates.,26,1.0317460317460316
Essere in grado di mantenere una routine di skincare anche durante le giornate più impegnative e lunghe.,26,1.0317460317460316
"Achieve a clean, hydrated, and balanced skin barrier with minimal effort.",21,0.8333333333333334
"Create an inclusive, authentic community space that promotes kindness, peace, empathy, and positive energy, encouraging collective healing and well-being.",20,0.7936507936507936
Protect skin effectively from harmful UV rays with high SPF protection.,18,0.7142857142857143
"Pouvoir découvrir et tester une marque de vernis à ongles avec une large gamme de couleurs, notamment l'orange solaire",15,0.5952380952380952
Halten der Produkte ohne Konservierungsstoffe und chemische Zusätze frisch und effektiv,14,0.5555555555555556
"Obtenir une peau du visage et du cou hydratée, ferme, et lumineuse après traitement.",14,0.5555555555555556
Melebihi 3-5 hari ketahanan dari deodorant tanpa perlu re-apply,13,0.5158730158730158
"Pouvoir utiliser des produits de soins sans substances nocives ou perturbateurs endocriniens, assurant ainsi la sécurité pour la peau et l'environnement",12,0.4761904761904762
Aumentare la precisione della diagnosi della pelle al 99.9%.,10,0.3968253968253968
Support environmental sustainability by using packaging made from ocean-bound plastic that is 100% recyclable.,10,0.3968253968253968
Experience a luxurious atmosphere that captures elegance and simplicity through the fragrance collection.,10,0.3968253968253968
Improve the appearance and definition of eyebrows and eyelashes through regular use of a dual applicator serum.,8,0.31746031746031744
"Maintain healthy, non-irritated underarms free from rashes, cysts, or irritation caused by deodorant ingredients.",8,0.31746031746031744
"Achieve a professional, high-quality appearance in photographs or portfolios with a natural yet polished look.",8,0.31746031746031744
"Sentirse fresco y refrescado durante el día, especialmente en temporadas calurosas.",8,0.31746031746031744
Increase user confidence in facial contouring results by 20% as measured by self-assessment,7,0.2777777777777778
"Memiliki deodorant yang mudah digunakan dan praktis, mampu bertahan dalam kondisi panas dan aktivitas tinggi",7,0.2777777777777778
Maintain a flexible and non-linear journey of personal growth and self-acceptance,7,0.2777777777777778
"Mampu menjaga kulit di area ketiak tetap bersih, segar, dan bebas iritasi setelah penggunaan produk alami.",6,0.2380952380952381
"Reap the benefits of a lightweight, non-cakey foundation that provides good coverage.",6,0.2380952380952381
Support internal skin health and overall wellness through daily ingestion of antioxidant-rich olive-derived compounds.,5,0.1984126984126984
"Mantener la piel hidratada y rehidratada, especialmente para piel seca.",5,0.1984126984126984
Disfrutar de fragancias naturales y asequibles que eviten disruptores hormonales y sean seguras para la salud.,5,0.1984126984126984
"Reduce or eliminate the need for commercial deodorant products through natural alternatives like lemon, lime, alum, or magnesium oil, achieving at least 2 weeks of odor-free underarms.",5,0.1984126984126984
Längere Frische und jugendliches Aussehen durch antioxidative Pflege,4,0.15873015873015872
"Maintain product hygiene and longevity by following proper usage habits, such as washing hands, avoiding contamination, and sealing caps after use.",4,0.15873015873015872
"Garantizar que el serum 2 en 1 sea efectivo y seguro, sin efectos adversos en un 100%.",4,0.15873015873015872
Kontrol produksi keringat berlebih sehingga bau badan tidak sedap hilang secara efektif,4,0.15873015873015872
Improve skin elasticity and firmness,4,0.15873015873015872
Experience long-lasting freshness for at least 48 hours with natural deodorants.,4,0.15873015873015872
Reduce dandruff flakes by 100% within 14 days,3,0.11904761904761905
"Permettre aux utilisateurs de commencer une routine de double nettoyage sans effort, en rendant le processus simple et agréable.",3,0.11904761904761905
Garantire che tutte le ricariche siano compostabili e prive di plastica entro il 2025.,3,0.11904761904761905
Comprendre les acides pour choisir celui qui convient à ma peau,3,0.11904761904761905
"Use SPF-loaded makeup routine that holds up in pool, vacation, or outdoor activities",3,0.11904761904761905
Steigerung der UV-Schutzwirkung des Produkts ohne klebriges Gefühl,3,0.11904761904761905
"Zwiększyć zainteresowanie nowymi produktami pielęgnacyjnymi, które są warte uwagi i warunkują chęć ich przetestowania.",2,0.07936507936507936
"Achieve effective odor control without the use of harmful chemicals such as benzene or synthetic fragrances, verified through independent testing or transparent ingredient listing.",2,0.07936507936507936
"Verwende das FRESH Shampoo 2–3× pro Woche, um die Kopfhaut zu reinigen, ohne sie zu austrocknen.",2,0.07936507936507936
"Achte auf eine gesunde Ernährung und ausreichende Flüssigkeitszufuhr, um Haarwachstum und -gesundheit zu fördern.",2,0.07936507936507936
Utilizzare uno struccante che sia sicuro per occhi sensibili e portatori di lenti a contatto senza causare irritazioni.,2,0.07936507936507936
"Offer natural deodorant options that are free from aluminum, baking soda, parabens, alcohol, and synthetic fragrances, suitable for sensitive skin.",2,0.07936507936507936
Ridurre la durata del tempo necessario per rimuovere il trucco dagli occhi e dal viso del 50%.,2,0.07936507936507936
"Zapewnić skuteczną i łagodną pielęgnację oczyszczającą dla wrażliwych oczu, eliminując konieczność tarcia i podrażnień.",2,0.07936507936507936
Eliminar ou reduzir manchas escuras e melhorar o tom uniforme da pele usando o sérum Powerbright,2,0.07936507936507936
肌の明るさと自然な透明感を向上させる。,2,0.07936507936507936
Hidratar e nutrir a pele de forma leve e eficaz com a loção de água de coco,2,0.07936507936507936
"Обеспечить кожу тела питательными и увлажняющими компонентами, делая её гладкой и шелковистой после использования геля для душа Mango Mania.",2,0.07936507936507936
Haven't tried this brand yet but need to because of how amazing the body butter sounds,2,0.07936507936507936
Réduire l'inflammation et les rougeurs localisées par la thérapie photo-bume-dilation à raison de deux minutes par session hebdomadaire.,2,0.07936507936507936
"Achieve a fast, high-volume follower count on social media (e.g., reach 100k followers).",2,0.07936507936507936
Enjoy light refreshments during skincare or wellness workshops.,2,0.07936507936507936
"Be able to manage excessive sweating in teenagers with minimal discomfort, using medically approved treatments like ionophoresis or botox.",2,0.07936507936507936
Bebas bau badan,1,0.03968253968253968
"Hydrate dehydrated, sensitive, or combination skin with Dermedic Hydrain³ Hialuro, ensuring intense hydration without feeling heavy.",1,0.03968253968253968
"Support holistic skin health by addressing mind, body, and spirit",1,0.03968253968253968
책을 읽기 위한 아늑하고 편안한 환경 조성,1,0.03968253968253968
피부 노화 방지와 건강한 피부 유지,1,0.03968253968253968
Smooth skin texture,1,0.03968253968253968
"Uzyskać głębokie nawilżenie i odżywienie skóry twarzy za pomocą luksusowego oleju do twarzy, który zapewnia efekt rozświetlenia i miękkości.",1,0.03968253968253968
アイライナーやラインの調整により、目の輪郭を自然に引き立てる。,1,0.03968253968253968
リップの色味と質感を一つにまとめて自然な仕上がりを実現する。,1,0.03968253968253968
アイメイクの立体感と深みを自然に強調できる。,1,0.03968253968253968
"Создать натуральный румянец, который хорошо лежит на коже, при этом питая кожу и придавая ей естественный солнечный оттенок.",1,0.03968253968253968
Интенсивно очищать кожу головы за счёт крупных частичек морской соли и сохранять ощущение свежести волос в течение долгого времени.,1,0.03968253968253968
"Обеспечить мягкое, насыщенное ароматами цитрусов и специй очищение кожи с помощью мыла с натуральными ингредиентами и эфирными маслами.",1,0.03968253968253968
Renforce la fibre capillaire à chaque application.,1,0.03968253968253968
Minimize repair costs related to electrical issues by proactive troubleshooting and consulting multiple technicians.,1,0.03968253968253968
"Mélanger et appliquer les sérums de manière ordonnée pour maximiser leur absorption et efficacité, en respectant l'ordre et les précautions d'usage.",1,0.03968253968253968
"Access the product at an affordable price point of ₦5,500 each",1,0.03968253968253968
Reduce underarm odor for 48 hours continuously.,1,0.03968253968253968
"Be able to select deodorant scents that match personal preferences or seasonal themes (e.g., pumpkin spice, vanilla).",1,0.03968253968253968
通过使用天然和无化学成分的产品，改善皮肤健康，减少皮肤问题。,1,0.03968253968253968
使用天然成分的止汗喷雾，避免刺激肌肤，保持肌肤健康。,1,0.03968253968253968
Lift my facial muscles to achieve a natural facelift effect.,1,0.03968253968253968
"Successfully switch from laser hair removal devices (e.g., Candela) to alternative devices without compromising results or requiring additional treatments.",1,0.03968253968253968
